"Date ","series ","OPEN ","HIGH ","LOW ","PREV. CLOSE ","ltp ","close ","vwap ","52W H ","52W L ","VOLUME ","VALUE ","No of trades "
"01-Jan-2013","EQ","682.10","685.10","679.65","678.60","683.60","684.50","682.68","705.50","419.50",1007303,"687,665,566.45",16186
"31-Dec-2012","EQ","677.00","680.00","674.00","677.65","678.10","678.60","676.84","705.50","419.50",1276822,"864,198,173.20",20101
"28-Dec-2012","EQ","681.10","683.00","674.15","680.10","676.20","677.65","677.47","705.50","419.50",1756066,"1,189,688,331.20",27129
"27-Dec-2012","EQ","684.00","684.00","676.70","680.30","682.00","680.10","679.29","705.50","419.50",2464542,"1,674,149,008.55",24738
"26-Dec-2012","EQ","678.10","684.85","673.10","676.10","680.00","680.30","680.06","705.50","419.50",1430804,"973,034,786.15",26981
"24-Dec-2012","EQ","680.00","680.15","671.80","676.00","677.00","676.10","674.88","705.50","419.50",1370563,"924,965,693.00",31145
"21-Dec-2012","EQ","681.00","682.00","674.05","683.40","676.15","676.00","676.79","705.50","400.25",2771561,"1,875,751,130.40",73271
"20-Dec-2012","EQ","686.00","687.00","680.25","688.00","682.95","683.40","682.86","705.50","400.25",2565187,"1,751,657,535.90",69871
"19-Dec-2012","EQ","674.55","689.25","674.50","675.95","687.70","688.00","683.69","705.50","400.25",4122253,"2,818,348,437.50",83044
"18-Dec-2012","EQ","677.95","682.20","669.75","676.50","676.00","675.95","675.85","705.50","400.25",3343768,"2,259,873,141.50",77136
"17-Dec-2012","EQ","687.90","687.90","673.60","688.75","677.70","676.50","678.69","705.50","400.25",3057553,"2,075,137,556.15",66201
"14-Dec-2012","EQ","690.05","694.40","685.35","691.05","688.85","688.75","689.43","705.50","400.25",2093473,"1,443,308,564.65",95946
"13-Dec-2012","EQ","693.85","696.00","689.00","693.85","690.55","691.05","693.04","705.50","400.25",1570808,"1,088,628,195.50",35988
"12-Dec-2012","EQ","691.25","696.00","688.50","690.85","693.70","693.85","692.64","705.50","400.25",1934126,"1,339,654,532.35",51308
"11-Dec-2012","EQ","695.25","699.00","686.30","693.00","690.75","690.85","693.29","705.50","400.25",3375138,"2,339,965,118.10",56253
"10-Dec-2012","EQ","690.00","696.50","689.65","693.10","693.10","693.00","692.70","705.50","400.25",2081026,"1,441,517,038.10",37704
"07-Dec-2012","EQ","695.25","698.00","688.00","694.75","691.60","693.10","691.11","705.50","400.25",1984158,"1,371,275,228.30",50690
"06-Dec-2012","EQ","695.80","698.50","680.80","692.60","695.95","694.75","686.64","705.50","400.25",2726138,"1,871,886,103.30",70290
"05-Dec-2012","EQ","689.00","695.00","687.00","685.15","693.00","692.60","692.97","705.50","400.25",2304965,"1,597,263,486.50",44729
"04-Dec-2012","EQ","684.10","690.00","681.05","686.95","686.20","685.15","684.34","705.50","400.25",2169872,"1,484,920,954.85",39951
"03-Dec-2012","EQ","700.00","701.15","684.00","703.95","686.75","686.95","688.39","705.50","400.25",2909085,"2,002,597,206.30",63093
"30-Nov-2012","EQ","701.00","705.50","689.60","699.85","703.00","703.95","699.90","705.50","400.25",3909823,"2,736,480,460.65",69062
"29-Nov-2012","EQ","677.50","703.75","675.40","680.50","702.30","699.85","692.49","703.75","400.25",6299863,"4,362,573,411.50",91886
"27-Nov-2012","EQ","664.90","683.80","664.90","661.90","681.00","680.50","678.31","683.80","400.25",4125668,"2,798,485,124.55",68053
"26-Nov-2012","EQ","673.00","673.70","660.10","669.75","660.75","661.90","663.18","673.70","400.25",1370384,"908,814,210.00",25172
"23-Nov-2012","EQ","669.50","672.60","659.05","669.10","669.00","669.75","666.58","672.60","400.25",1312428,"874,841,789.15",27228
"22-Nov-2012","EQ","666.80","671.15","664.00","663.70","670.00","669.10","668.52","671.15","400.25",2110241,"1,410,731,465.95",30443
"21-Nov-2012","EQ","655.15","665.50","649.70","653.85","665.05","663.70","658.62","665.50","400.25",3232446,"2,128,947,640.45",48886
"20-Nov-2012","EQ","649.10","655.90","648.25","646.75","655.15","653.85","652.58","655.90","400.25",2338347,"1,525,951,932.35",66606
"19-Nov-2012","EQ","639.75","647.90","639.45","642.25","646.40","646.75","643.59","653.80","400.25",1446987,"931,264,778.60",31747
"16-Nov-2012","EQ","643.00","648.60","640.15","646.25","641.50","642.25","645.09","653.80","400.25",3025706,"1,951,845,154.30",53710
"15-Nov-2012","EQ","647.00","647.40","639.00","647.05","644.40","646.25","643.71","653.80","400.25",2360585,"1,519,525,588.20",91602
"13-Nov-2012","EQ","651.00","651.90","646.20","651.30","647.50","647.05","647.91","653.80","400.25",104547,"67,736,644.25",3136
"12-Nov-2012","EQ","637.25","653.80","637.25","639.35","653.10","651.30","647.11","653.80","400.25",2414364,"1,562,352,978.70",70240
"09-Nov-2012","EQ","638.25","643.00","635.00","639.00","639.00","639.35","639.53","645.00","400.25",1105194,"706,805,207.55",24522
"08-Nov-2012","EQ","636.50","641.00","635.50","640.05","639.60","639.00","638.64","645.00","400.25",966950,"617,536,397.85",20412
"07-Nov-2012","EQ","639.75","645.00","636.90","639.55","641.00","640.05","641.34","645.00","400.25",2050165,"1,314,848,006.25",35091
"06-Nov-2012","EQ","633.95","641.20","633.95","635.00","641.20","639.55","638.43","644.80","400.25",1819521,"1,161,636,654.10",28217
"05-Nov-2012","EQ","632.00","636.00","630.75","630.30","635.55","635.00","633.56","644.80","400.25",1005532,"637,063,451.65",23608
"02-Nov-2012","EQ","638.00","638.00","628.00","628.60","632.00","630.30","630.85","644.80","400.25",1358193,"856,816,326.65",20780
"01-Nov-2012","EQ","632.75","635.70","627.50","634.20","628.10","628.60","631.53","644.80","400.25",1764615,"1,114,406,300.75",24693
"31-Oct-2012","EQ","634.10","635.90","630.05","633.65","631.40","634.20","633.27","644.80","400.25",1873242,"1,186,272,769.95",27814
"30-Oct-2012","EQ","637.05","644.80","630.60","640.60","632.65","633.65","637.58","644.80","400.25",2208726,"1,408,245,256.00",29942
"29-Oct-2012","EQ","637.85","642.50","635.55","637.15","640.50","640.60","640.07","642.50","400.25",1378082,"882,065,428.85",27956
"26-Oct-2012","EQ","636.65","639.80","631.00","637.35","637.00","637.15","633.37","641.00","400.25",1670317,"1,057,921,405.60",39293
"25-Oct-2012","EQ","632.65","641.00","629.00","634.10","641.00","637.35","635.33","641.00","400.25",4252835,"2,701,974,608.05",68865
"23-Oct-2012","EQ","639.05","639.50","632.50","639.00","635.05","634.10","634.00","640.00","400.25",2083240,"1,320,783,516.15",28100
"22-Oct-2012","EQ","625.20","640.00","625.20","628.50","639.90","639.00","635.61","640.00","400.25",2060351,"1,309,573,486.85",30238
"19-Oct-2012","EQ","632.00","635.00","627.00","636.20","627.00","628.50","629.47","638.90","400.25",2263850,"1,425,035,059.55",40227
"18-Oct-2012","EQ","630.00","637.90","624.45","628.10","635.95","636.20","632.70","638.90","400.25",1404615,"888,706,129.10",26042
"17-Oct-2012","EQ","632.00","632.50","626.50","630.40","628.00","628.10","628.37","638.90","400.25",1608443,"1,010,692,716.45",31200
"16-Oct-2012","EQ","635.25","635.50","628.10","634.15","629.05","630.40","630.45","638.90","400.25",1818459,"1,146,446,592.05",37206
"15-Oct-2012","EQ","632.40","634.90","622.60","631.15","633.95","634.15","629.97","638.90","400.25",1893017,"1,192,553,282.60",40977
"12-Oct-2012","EQ","630.00","635.00","626.00","624.85","629.20","631.15","630.04","638.90","400.25",3876602,"2,442,400,351.15",67190
"11-Oct-2012","EQ","621.15","627.80","618.45","617.95","627.80","624.85","624.30","638.90","400.25",2453233,"1,531,558,140.00",27712
"10-Oct-2012","EQ","624.00","624.00","616.20","625.75","617.70","617.95","618.89","638.90","400.25",1073754,"664,534,139.80",32742
"09-Oct-2012","EQ","624.95","630.50","622.00","620.70","624.25","625.75","626.67","638.90","400.25",1077692,"675,355,639.40",26034
"08-Oct-2012","EQ","623.90","623.90","616.55","622.40","621.50","620.70","620.65","638.90","400.25",2322668,"1,441,569,274.35",60748
"05-Oct-2012","EQ","638.00","638.65","505.05","631.30","621.45","622.40","622.75","638.90","400.25",3736756,"2,327,063,991.90",65908
"04-Oct-2012","EQ","621.50","633.90","621.45","619.45","631.55","631.30","630.45","638.90","400.25",3163016,"1,994,130,996.50",65179
"03-Oct-2012","EQ","624.00","626.80","617.95","622.85","619.15","619.45","620.35","638.90","400.25",2758057,"1,710,964,342.25",57157
"01-Oct-2012","EQ","629.00","632.00","620.00","629.15","622.15","622.85","623.29","638.90","400.25",2013696,"1,255,124,145.60",38016
"28-Sep-2012","EQ","631.90","634.30","626.10","630.80","627.70","629.15","629.56","638.90","400.25",2751922,"1,732,487,579.70",58319
"27-Sep-2012","EQ","633.00","637.00","625.20","630.75","627.00","630.80","630.77","638.90","400.25",3965436,"2,501,290,845.10",36308
"26-Sep-2012","EQ","634.85","636.60","624.15","636.90","631.30","630.75","629.04","638.90","400.25",2682627,"1,687,472,527.85",53995
"25-Sep-2012","EQ","633.00","638.90","626.15","635.00","637.00","636.90","633.17","638.90","400.25",2921536,"1,849,834,114.75",48335
"24-Sep-2012","EQ","625.50","636.90","622.80","625.15","634.40","635.00","630.45","636.90","400.25",4393720,"2,770,009,886.50",75339
"21-Sep-2012","EQ","608.70","629.00","605.10","606.90","628.95","625.15","619.01","629.00","400.25",5900712,"3,652,613,395.45",99408
"20-Sep-2012","EQ","602.00","610.00","601.00","605.45","607.00","606.90","605.15","619.95","400.25",2622832,"1,587,205,543.40",40225
"18-Sep-2012","EQ","608.30","612.00","603.85","608.30","607.00","605.45","607.74","619.95","400.25",2509794,"1,525,299,819.40",41288
"17-Sep-2012","EQ","619.00","619.95","605.50","612.75","606.65","608.30","611.98","619.95","400.25",5271712,"3,226,200,558.25",61869
"14-Sep-2012","EQ","606.60","614.75","600.95","599.20","612.50","612.75","608.01","614.75","400.25",6442805,"3,917,261,634.65",55342
"13-Sep-2012","EQ","601.00","601.50","593.55","599.20","600.00","599.20","598.01","609.50","400.25",849940,"508,274,539.10",20133
"12-Sep-2012","EQ","595.25","600.00","593.90","594.40","599.40","599.20","597.53","609.50","400.25",1597754,"954,710,603.30",23115
"11-Sep-2012","EQ","588.75","597.00","583.35","591.15","596.00","594.40","589.64","609.50","400.25",1577886,"930,380,066.25",29572
"10-Sep-2012","EQ","591.50","597.00","589.35","591.05","590.30","591.15","592.52","609.50","400.25",1508723,"893,948,626.55",19066
"08-Sep-2012","EQ","590.55","592.80","590.55","590.40","590.55","591.05","591.27","609.50","400.25",58599,"34,647,589.80",807
"07-Sep-2012","EQ","594.25","595.00","585.70","588.15","590.80","590.40","590.36","609.50","400.25",2801287,"1,653,764,378.50",28328
"06-Sep-2012","EQ","590.10","593.50","586.10","592.10","587.55","588.15","590.51","609.50","400.25",1274363,"752,518,686.35",19178
"05-Sep-2012","EQ","588.00","596.00","587.35","590.10","592.00","592.10","592.78","609.50","400.25",3039618,"1,801,813,380.70",31565
"04-Sep-2012","EQ","590.55","592.35","587.20","590.45","591.00","590.10","590.09","609.50","400.25",1443147,"851,582,519.30",25368
"03-Sep-2012","EQ","597.55","597.80","588.00","595.35","588.30","590.45","594.43","609.50","400.25",1859454,"1,105,315,318.30",27256
"31-Aug-2012","EQ","590.35","600.00","589.25","595.90","596.00","595.35","595.50","609.50","400.25",3126685,"1,861,928,568.90",35481
"30-Aug-2012","EQ","586.00","602.00","586.00","588.55","592.25","595.90","594.37","609.50","400.25",5679101,"3,375,511,025.00",52710
"29-Aug-2012","EQ","589.25","595.80","586.25","589.35","590.00","588.55","591.91","609.50","400.25",1682407,"995,835,535.30",36292
"28-Aug-2012","EQ","592.90","594.55","586.50","594.35","588.20","589.35","589.92","609.50","400.25",2223991,"1,311,981,870.90",20479
"27-Aug-2012","EQ","595.00","598.90","592.05","596.30","593.20","594.35","595.01","609.50","400.25",1011681,"601,963,018.95",17362
"24-Aug-2012","EQ","593.50","600.40","593.25","597.70","595.10","596.30","597.46","609.50","400.25",1677094,"1,001,997,232.30",24965
"23-Aug-2012","EQ","599.40","604.55","595.25","596.90","598.00","597.70","599.52","609.50","400.25",2356262,"1,412,626,590.25",48233
"22-Aug-2012","EQ","594.40","600.45","591.35","596.40","596.75","596.90","598.17","609.50","400.25",2395215,"1,432,750,350.65",21693
"21-Aug-2012","EQ","595.00","598.50","588.20","595.10","596.10","596.40","591.75","609.50","400.25",2085210,"1,233,917,904.65",31807
"17-Aug-2012","EQ","598.60","602.25","591.80","600.05","593.90","595.10","596.62","609.50","400.25",1921539,"1,146,432,524.80",31343
"16-Aug-2012","EQ","608.00","608.15","597.85","608.15","600.35","600.05","601.21","609.50","400.25",2035824,"1,223,955,148.20",53568
"14-Aug-2012","EQ","607.05","609.00","603.25","607.45","607.45","608.15","606.68","609.50","400.25",2806392,"1,702,588,748.25",33602
"13-Aug-2012","EQ","600.00","609.50","600.00","602.15","604.75","607.45","604.06","609.50","400.25",2105426,"1,271,797,869.80",22990
"10-Aug-2012","EQ","600.00","606.90","599.65","604.65","602.35","602.15","602.62","607.00","400.25",3781855,"2,279,023,946.30",35105
"09-Aug-2012","EQ","601.00","607.00","598.50","598.90","605.55","604.65","604.35","607.00","400.25",2468280,"1,491,713,231.35",46984
"08-Aug-2012","EQ","600.00","602.00","594.70","600.10","599.50","598.90","598.87","602.30","400.25",2013279,"1,205,695,840.85",33393
"07-Aug-2012","EQ","602.00","602.30","597.00","600.25","600.10","600.10","599.80","602.30","400.25",2807191,"1,683,761,526.65",40775
"06-Aug-2012","EQ","593.15","602.00","593.00","588.20","599.80","600.25","598.63","602.00","400.25",3082294,"1,845,163,366.45",38669
"03-Aug-2012","EQ","581.00","589.00","579.75","582.50","588.00","588.20","583.57","593.80","400.25",2487875,"1,451,838,494.15",27244
"02-Aug-2012","EQ","586.50","589.20","577.30","586.50","582.50","582.50","580.13","593.80","400.25",1721365,"998,616,279.30",38580
"01-Aug-2012","EQ","585.55","588.35","577.60","587.75","587.95","586.50","584.11","593.80","400.25",1967747,"1,149,385,716.75",47816
"31-Jul-2012","EQ","590.00","590.00","579.85","587.25","589.40","587.75","586.19","593.80","400.25",2097852,"1,229,741,416.30",35450
"30-Jul-2012","EQ","587.10","591.90","584.00","584.60","587.50","587.25","587.81","593.80","400.25",2116571,"1,244,138,282.15",48781
"27-Jul-2012","EQ","572.00","588.70","564.65","565.80","587.00","584.60","582.68","593.80","400.25",3357718,"1,956,464,062.80",44252
"26-Jul-2012","EQ","578.00","578.75","563.00","576.05","567.00","565.80","568.11","593.80","400.25",4426354,"2,514,649,125.95",49776
"25-Jul-2012","EQ","574.45","580.80","573.70","574.05","575.70","576.05","577.17","593.80","400.25",2203926,"1,272,039,642.80",26605
"24-Jul-2012","EQ","572.55","577.45","570.20","573.00","575.65","574.05","573.94","593.80","400.25",1326397,"761,278,638.10",28165
"23-Jul-2012","EQ","577.40","580.00","571.05","582.60","572.70","573.00","574.76","593.80","400.25",1523632,"875,722,445.50",47028
"20-Jul-2012","EQ","589.00","589.00","581.00","589.40","583.00","582.60","583.38","593.80","400.25",1042236,"608,018,918.40",23780
"19-Jul-2012","EQ","588.60","590.80","585.55","587.00","589.15","589.40","589.17","593.80","400.25",1200112,"707,072,230.90",36110
"18-Jul-2012","EQ","584.70","588.70","580.10","583.25","587.30","587.00","585.21","593.80","400.25",1779499,"1,041,375,796.55",30746
"17-Jul-2012","EQ","587.00","588.75","578.60","582.65","584.45","583.25","582.98","593.80","400.25",2134839,"1,244,568,177.25",50844
"16-Jul-2012","EQ","588.00","592.70","581.05","587.05","583.00","582.65","587.44","593.80","400.25",3212540,"1,887,172,622.80",68450
"13-Jul-2012","EQ","585.00","591.40","582.45","580.10","586.00","587.05","587.26","2,564.10","400.25",2377143,"1,395,998,428.20",47571
"12-Jul-2012","EQ","583.90","590.90","575.60","587.00","580.00","580.10","580.13","2,564.10","400.25",1895937,"1,099,894,292.90",47599
"11-Jul-2012","EQ","586.90","593.80","585.10","588.65","587.80","587.00","588.83","2,564.10","400.25",3074861,"1,810,576,558.40",56425
"10-Jul-2012","EQ","580.00","592.30","577.50","578.15","588.90","588.65","584.32","2,564.10","400.25",3385754,"1,978,371,210.55",59089
"09-Jul-2012","EQ","579.95","581.75","569.10","581.50","581.20","578.15","574.49","2,564.10","400.25",1915290,"1,100,306,400.40",54422
"06-Jul-2012","EQ","582.10","589.00","578.50","584.10","581.70","581.50","584.29","2,583.30","400.25",3935380,"2,299,400,328.40",85519
"05-Jul-2012","EQ","577.90","585.00","575.45","578.00","584.90","584.10","580.57","2,583.30","400.25",2095382,"1,216,512,740.85",50111
"04-Jul-2012","EQ","576.70","580.85","575.65","575.85","578.60","578.00","578.19","2,583.30","400.25",3202571,"1,851,709,251.35",90607
"03-Jul-2012","EQ","575.90","580.00","571.70","573.95","575.40","575.85","576.78","2,583.30","400.25",2116700,"1,220,878,596.10",60075
"02-Jul-2012","EQ","564.00","575.00","560.00","563.55","575.00","573.95","568.56","2,583.30","400.25",2050381,"1,165,768,178.25",41062
"29-Jun-2012","EQ","552.10","564.90","552.05","548.50","561.90","563.55","559.82","2,583.30","400.25",3164793,"1,771,720,074.50",56817
"28-Jun-2012","EQ","546.90","552.65","543.25","549.00","543.25","548.50","548.52","2,583.30","400.25",3035610,"1,665,085,996.00",54014
"27-Jun-2012","EQ","546.00","554.70","546.00","543.45","548.35","549.00","550.60","2,583.30","400.25",2984322,"1,643,172,422.05",54588
"26-Jun-2012","EQ","538.00","548.00","536.30","536.70","545.00","543.45","543.37","2,583.30","400.25",1463282,"795,097,010.95",24005
"25-Jun-2012","EQ","545.40","548.50","535.00","544.35","535.05","536.70","543.88","2,583.30","400.25",1593712,"866,796,007.45",23714
"22-Jun-2012","EQ","535.10","545.10","535.10","542.90","544.85","544.35","540.94","2,583.30","400.25",1542204,"834,246,497.50",24473
"21-Jun-2012","EQ","533.00","544.70","531.30","534.20","542.55","542.90","538.61","2,583.30","400.25",2663164,"1,434,407,581.65",27281
"20-Jun-2012","EQ","537.00","540.50","528.55","536.45","534.80","534.20","533.34","2,583.30","400.25",2383618,"1,271,279,283.40",43958
"19-Jun-2012","EQ","534.80","539.00","526.30","534.95","536.05","536.45","531.77","2,583.30","400.25",2965184,"1,576,797,929.95",57716
"18-Jun-2012","EQ","552.00","552.00","529.55","547.55","535.30","534.95","536.37","2,583.30","400.25",2809366,"1,506,850,890.40",51594
"15-Jun-2012","EQ","535.00","549.70","534.95","534.40","546.05","547.55","543.91","2,583.30","400.25",2483056,"1,350,562,410.30",33693
"14-Jun-2012","EQ","540.00","547.40","532.65","541.75","533.05","534.40","539.43","2,583.30","400.25",2160638,"1,165,519,321.60",39599
"13-Jun-2012","EQ","551.00","552.40","539.80","549.60","542.00","541.75","546.07","2,583.30","400.25",2016183,"1,100,981,985.45",41564
"12-Jun-2012","EQ","538.80","550.85","537.95","541.95","548.80","549.60","546.12","2,583.30","400.25",2813460,"1,536,491,879.35",48096
"11-Jun-2012","EQ","541.10","548.90","538.40","539.10","540.75","541.95","544.75","2,583.30","400.25",3267971,"1,780,222,288.50",47707
"08-Jun-2012","EQ","540.90","542.75","530.95","537.80","539.80","539.10","538.19","2,583.30","400.25",4830686,"2,599,846,540.60",51613
"07-Jun-2012","EQ","524.20","539.50","523.00","519.90","538.20","537.80","531.05","2,583.30","400.25",4950123,"2,628,769,125.20",82397
"06-Jun-2012","EQ","504.85","523.00","503.50","501.50","519.15","519.90","516.60","2,583.30","400.25",6272923,"3,240,599,003.30",77477
"05-Jun-2012","EQ","500.00","504.90","498.45","495.65","503.50","501.50","502.39","2,583.30","400.25",2677678,"1,345,243,024.95",41888
"04-Jun-2012","EQ","488.00","498.50","485.05","490.40","498.10","495.65","490.71","2,583.30","400.25",2840242,"1,393,727,669.10",43512
"01-Jun-2012","EQ","504.00","507.15","490.00","506.20","490.15","490.40","497.38","2,583.30","400.25",2927187,"1,455,923,951.60",50700
"31-May-2012","EQ","496.00","508.90","495.35","500.65","508.00","506.20","503.37","2,583.30","400.25",4759780,"2,395,932,738.85",54696
"30-May-2012","EQ","500.05","505.40","496.55","504.95","500.05","500.65","501.03","2,583.30","400.25",2541820,"1,273,536,339.50",42621
"29-May-2012","EQ","510.15","511.95","502.10","508.75","504.65","504.95","506.99","2,583.30","400.25",2643256,"1,340,109,441.35",48390
"28-May-2012","EQ","501.20","510.60","500.00","500.00","508.45","508.75","504.76","2,583.30","400.25",3051713,"1,540,389,247.35",45002
"25-May-2012","EQ","499.80","503.15","495.60","499.70","501.00","500.00","499.66","2,583.30","400.25",2798643,"1,398,359,380.60",50900
"24-May-2012","EQ","493.00","502.70","485.00","487.20","501.00","499.70","495.99","2,583.30","400.25",2884811,"1,430,836,308.05",51248
"23-May-2012","EQ","490.00","492.90","482.20","489.25","487.00","487.20","486.36","2,583.30","400.25",3173972,"1,543,692,867.90",59479
"22-May-2012","EQ","503.80","505.00","486.95","497.45","488.85","489.25","494.39","2,583.30","400.25",2774203,"1,371,545,259.90",44668
"21-May-2012","EQ","500.25","507.85","493.95","500.55","494.40","497.45","501.14","2,583.30","400.25",2135585,"1,070,227,641.45",30493
"18-May-2012","EQ","489.80","503.90","489.00","497.80","503.00","500.55","495.77","2,583.30","400.25",2403604,"1,191,640,085.45",36843
"17-May-2012","EQ","497.00","506.50","495.00","495.20","495.00","497.80","501.23","2,583.30","400.25",2904630,"1,455,886,714.80",48049
"16-May-2012","EQ","494.00","498.70","486.00","499.10","496.65","495.20","492.53","2,583.30","400.25",4240218,"2,088,416,775.00",50850
"15-May-2012","EQ","496.00","504.45","496.00","500.55","498.50","499.10","500.65","2,583.30","400.25",2004866,"1,003,731,089.60",46032
"14-May-2012","EQ","510.75","511.80","494.05","510.55","499.20","500.55","501.53","2,583.30","400.25",2758712,"1,383,574,532.80",35745
"11-May-2012","EQ","513.25","520.00","508.20","517.50","508.50","510.55","514.49","2,583.30","400.25",2012521,"1,035,420,105.30",46936
"10-May-2012","EQ","511.05","522.90","510.00","512.65","518.80","517.50","518.00","2,583.30","400.25",3021095,"1,564,931,215.90",37853
"09-May-2012","EQ","513.70","522.60","505.40","515.35","511.45","512.65","514.41","2,583.30","400.25",3755998,"1,932,137,872.20",49212
"08-May-2012","EQ","532.90","536.40","513.25","532.25","513.55","515.35","522.93","2,583.30","400.25",2820770,"1,475,069,108.80",38398
"07-May-2012","EQ","531.90","534.55","516.40","537.50","534.00","532.25","524.83","2,583.30","400.25",4178172,"2,192,834,664.55",64726
"04-May-2012","EQ","551.20","553.70","534.65","554.05","535.25","537.50","542.43","2,583.30","400.25",3087972,"1,675,018,904.80",43799
"03-May-2012","EQ","545.50","558.00","545.45","549.90","552.50","554.05","553.30","2,583.30","400.25",3428637,"1,897,061,835.75",55737
"02-May-2012","EQ","540.70","551.00","540.70","542.50","550.70","549.90","548.54","2,583.30","400.25",2244587,"1,231,247,982.30",35866
"30-Apr-2012","EQ","543.80","549.00","540.35","543.55","542.55","542.50","543.91","2,583.30","400.25",1509755,"821,168,227.65",36284
"28-Apr-2012","EQ","543.95","544.85","542.35","541.15","543.80","543.55","543.56","2,583.30","400.25",46322,"25,178,949.45",857
"27-Apr-2012","EQ","542.00","546.00","534.20","540.50","538.65","541.15","539.89","2,583.30","400.25",1137255,"613,996,234.15",26389
"26-Apr-2012","EQ","545.00","549.95","539.00","546.65","541.00","540.50","543.55","2,583.30","400.25",2334738,"1,269,045,877.50",30434
"25-Apr-2012","EQ","544.00","549.50","538.00","541.85","546.55","546.65","544.06","2,583.30","400.25",2694597,"1,466,017,412.10",45483
"24-Apr-2012","EQ","546.10","546.50","539.40","545.35","543.00","541.85","542.33","2,583.30","400.25",2190195,"1,187,806,516.15",43632
"23-Apr-2012","EQ","551.95","556.00","543.30","551.10","545.10","545.35","549.54","2,583.30","400.25",2109412,"1,159,199,328.75",29773
"20-Apr-2012","EQ","552.25","558.00","546.45","554.05","550.45","551.10","552.78","2,583.30","400.25",3931275,"2,173,115,248.55",56101
"19-Apr-2012","EQ","540.00","555.60","537.20","537.65","553.30","554.05","548.20","2,583.30","400.25",4091669,"2,243,071,626.40",78326
"18-Apr-2012","EQ","533.00","539.90","533.00","530.25","538.00","537.65","537.48","2,583.30","400.25",3000071,"1,612,478,622.05",50382
"17-Apr-2012","EQ","532.00","535.90","521.10","529.75","530.95","530.25","529.35","2,583.30","400.25",3916452,"2,073,184,120.90",51206
"16-Apr-2012","EQ","528.90","531.00","524.10","529.35","529.95","529.75","528.15","2,583.30","400.25",4349021,"2,296,915,291.30",52833
"13-Apr-2012","EQ","536.40","537.75","523.90","530.40","528.20","529.35","533.71","2,583.30","400.25",2458357,"1,312,039,206.00",42249
"12-Apr-2012","EQ","525.00","534.50","524.30","526.45","531.90","530.40","531.15","2,583.30","400.25",3025822,"1,607,151,495.00",44022
"11-Apr-2012","EQ","521.85","530.95","517.10","524.85","527.30","526.45","523.27","2,583.30","400.25",1865812,"976,314,161.85",39203
"10-Apr-2012","EQ","523.40","526.00","515.85","521.75","525.45","524.85","520.21","2,583.30","400.25",1458518,"758,728,566.50",53474
"09-Apr-2012","EQ","523.75","526.30","520.00","526.55","521.05","521.75","522.79","2,583.30","400.25",1259185,"658,289,252.05",39353
"04-Apr-2012","EQ","525.25","529.00","524.40","530.20","528.70","526.55","526.70","2,583.30","400.25",1043769,"549,748,316.05",14741
"03-Apr-2012","EQ","533.00","536.40","528.00","528.35","529.00","530.20","533.29","2,583.30","400.25",3230203,"1,722,637,209.80",75769
"02-Apr-2012","EQ","518.00","529.95","516.10","519.85","528.35","528.35","525.26","2,583.30","400.25",1382733,"726,298,454.05",38734
"30-Mar-2012","EQ","512.00","523.85","509.75","510.10","516.95","519.85","518.58","2,583.30","400.25",2796244,"1,450,071,134.45",56683
"29-Mar-2012","EQ","508.00","514.10","505.00","513.45","510.00","510.10","509.64","2,583.30","400.25",4056279,"2,067,257,065.45",46030
"28-Mar-2012","EQ","518.50","518.50","510.05","518.85","513.25","513.45","513.50","2,583.30","400.25",2174873,"1,116,804,460.60",35339
"27-Mar-2012","EQ","515.00","521.80","512.00","511.65","520.00","518.85","516.93","2,583.30","400.25",2964338,"1,532,341,512.95",40253
"26-Mar-2012","EQ","513.50","516.50","505.65","513.95","512.00","511.65","509.52","2,583.30","400.25",2458229,"1,252,510,447.60",46449
"23-Mar-2012","EQ","509.50","518.75","500.95","504.25","514.80","513.95","512.21","2,583.30","400.25",2011791,"1,030,456,359.25",32832
"22-Mar-2012","EQ","513.90","522.40","500.10","515.65","502.80","504.25","514.17","2,583.30","400.25",2820016,"1,449,969,763.15",52133
"21-Mar-2012","EQ","503.00","517.85","503.00","505.40","516.40","515.65","511.69","2,583.30","400.25",3005393,"1,537,838,362.85",44045
"20-Mar-2012","EQ","496.00","510.85","493.00","498.85","505.90","505.40","504.71","2,583.30","400.25",1581068,"797,979,709.70",27453
"19-Mar-2012","EQ","510.05","510.05","495.10","507.85","497.00","498.85","499.63","2,583.30","400.25",3824942,"1,911,045,860.45",58835
"16-Mar-2012","EQ","510.00","524.90","505.00","510.80","505.10","507.85","515.65","2,583.30","400.25",3202652,"1,651,455,937.05",64037
"15-Mar-2012","EQ","528.00","530.00","509.05","528.20","509.90","510.80","516.13","2,583.30","400.25",3734799,"1,927,623,318.70",61985
"14-Mar-2012","EQ","528.10","530.00","521.45","524.40","529.70","528.20","526.29","2,583.30","400.25",2930281,"1,542,177,167.65",32375
"13-Mar-2012","EQ","523.00","527.50","520.35","518.95","522.75","524.40","524.39","2,583.30","400.25",2769857,"1,452,480,296.70",39929
"12-Mar-2012","EQ","534.00","534.50","517.00","523.20","518.70","518.95","520.13","2,583.30","400.25",2804346,"1,458,619,467.45",48864
"09-Mar-2012","EQ","522.00","527.00","519.65","515.65","523.15","523.20","523.21","2,583.30","400.25",2328761,"1,218,424,141.00",41608
"07-Mar-2012","EQ","506.85","518.00","497.55","507.40","517.50","515.65","507.86","2,583.30","400.25",1894409,"962,089,167.90",33026
"06-Mar-2012","EQ","509.80","521.00","503.25","510.95","505.45","507.40","511.52","2,583.30","400.25",2899297,"1,483,050,719.35",53385
"05-Mar-2012","EQ","520.00","520.95","505.55","519.30","511.45","510.95","509.85","2,583.30","400.25",2512843,"1,281,180,776.75",39232
"03-Mar-2012","EQ","518.00","521.50","518.00","518.75","518.75","519.30","519.55","2,583.30","400.25",77945,"40,495,964.30",1100
"02-Mar-2012","EQ","514.00","525.00","507.75","514.00","519.90","518.75","516.58","2,583.30","400.25",2029174,"1,048,223,423.25",51009
"01-Mar-2012","EQ","517.00","522.30","505.30","517.10","512.35","514.00","511.30","2,583.30","400.25",3049623,"1,559,279,009.10",50671
"29-Feb-2012","EQ","533.90","539.90","513.35","530.50","520.00","517.10","522.31","2,583.30","400.25",4997159,"2,610,088,633.00",78843
"28-Feb-2012","EQ","519.25","533.40","513.20","515.60","529.95","530.50","522.59","2,583.30","400.25",3700287,"1,933,717,796.25",71791
"27-Feb-2012","EQ","526.90","531.45","512.15","524.65","514.00","515.60","522.43","2,583.30","400.25",3830323,"2,001,084,086.20",54235
"24-Feb-2012","EQ","527.20","535.40","515.35","533.15","522.05","524.65","524.32","2,583.30","400.25",4095042,"2,147,117,632.80",48969
"23-Feb-2012","EQ","527.20","535.95","527.20","531.45","530.30","533.15","532.34","2,583.30","400.25",4273937,"2,275,174,802.55",39686
"22-Feb-2012","EQ","530.00","538.90","526.65","532.05","530.05","531.45","533.22","2,583.30","400.25",3480777,"1,856,004,697.65",42483
"21-Feb-2012","EQ","526.00","533.50","520.50","528.30","532.95","532.05","526.59","2,583.30","400.25",3707784,"1,952,495,186.55",48637
"17-Feb-2012","EQ","531.25","533.00","520.10","526.45","528.30","528.30","526.90","2,583.30","400.25",3554912,"1,873,075,039.65",49185
"16-Feb-2012","EQ","531.00","537.85","523.25","533.05","525.30","526.45","527.77","2,583.30","400.25",2031066,"1,071,936,284.10",38806
"15-Feb-2012","EQ","520.50","534.90","517.25","517.90","532.95","533.05","527.19","2,583.30","400.25",4844896,"2,554,161,398.75",72025
"14-Feb-2012","EQ","522.50","523.80","515.05","521.95","517.50","517.90","518.39","2,583.30","400.25",3278707,"1,699,652,309.30",48944
"13-Feb-2012","EQ","518.65","525.00","515.90","517.50","520.65","521.95","522.50","2,583.30","400.25",3653581,"1,909,006,174.10",36749
"10-Feb-2012","EQ","522.80","525.65","514.00","522.55","517.00","517.50","518.93","2,583.30","400.25",2878793,"1,493,893,997.15",51096
"09-Feb-2012","EQ","505.70","525.95","505.65","508.45","525.00","522.55","517.51","2,583.30","400.25",4340256,"2,246,122,622.50",54144
"08-Feb-2012","EQ","510.70","517.80","502.75","509.30","510.60","508.45","510.91","2,583.30","400.25",3465287,"1,770,444,375.35",47694
"07-Feb-2012","EQ","514.00","515.40","508.00","507.70","509.95","509.30","511.70","2,583.30","400.25",3018927,"1,544,798,753.25",39839
"06-Feb-2012","EQ","510.00","516.00","500.00","506.25","507.25","507.70","506.85","2,583.30","400.25",4359656,"2,209,710,345.25",62517
"03-Feb-2012","EQ","497.50","508.00","495.25","497.90","507.05","506.25","502.12","2,583.30","400.25",3728751,"1,872,264,086.30",55746
"02-Feb-2012","EQ","499.00","500.00","491.30","497.15","499.00","497.90","497.76","2,583.30","400.25",5710427,"2,842,413,754.35",80023
"01-Feb-2012","EQ","494.50","499.70","481.35","492.10","497.00","497.15","490.32","2,583.30","400.25",3005149,"1,473,485,625.15",39817
"31-Jan-2012","EQ","483.50","495.00","479.85","479.05","494.95","492.10","487.15","2,583.30","400.25",2663462,"1,297,512,047.95",48596
"30-Jan-2012","EQ","482.95","483.00","473.00","484.20","479.45","479.05","477.12","2,583.30","400.25",2493754,"1,189,812,670.10",53707
"27-Jan-2012","EQ","503.90","504.00","479.65","490.20","484.00","484.20","488.42","2,583.30","400.25",3719409,"1,816,633,007.85",51612
"25-Jan-2012","EQ","490.25","493.00","485.75","488.80","491.00","490.20","488.99","2,583.30","400.25",3704775,"1,811,588,717.10",49527
"24-Jan-2012","EQ","485.25","493.10","480.55","484.00","486.00","488.80","488.98","2,583.30","400.25",3765988,"1,841,509,674.50",46401
"23-Jan-2012","EQ","486.00","487.75","480.90","490.55","483.45","484.00","484.75","2,583.30","400.25",1883432,"913,001,096.70",23023
"20-Jan-2012","EQ","490.00","493.45","480.45","486.80","486.75","490.55","486.10","2,583.30","400.25",3597565,"1,748,789,766.65",70938
"19-Jan-2012","EQ","486.00","490.25","480.30","481.90","485.00","486.80","485.65","2,583.30","400.25",4210544,"2,044,836,851.85",73796
"18-Jan-2012","EQ","472.90","485.40","469.60","468.40","483.20","481.90","477.12","2,583.30","400.25",5034311,"2,401,949,460.45",70950
"17-Jan-2012","EQ","463.90","469.00","463.00","460.50","468.30","468.40","467.37","2,583.30","400.25",1830504,"855,519,375.80",51727
"16-Jan-2012","EQ","466.80","467.85","458.25","469.60","460.05","460.50","460.59","2,583.30","400.25",1595855,"735,028,364.25",35136
"13-Jan-2012","EQ","470.00","473.05","461.05","466.65","471.00","469.60","466.97","2,583.30","400.25",1845421,"861,747,846.20",32146
"12-Jan-2012","EQ","461.70","469.10","461.20","462.65","468.80","466.65","465.66","2,583.30","400.25",1993861,"928,465,152.25",34918
"11-Jan-2012","EQ","460.50","464.00","455.00","459.70","462.60","462.65","459.60","2,583.30","400.25",1929778,"886,929,310.45",39574
"10-Jan-2012","EQ","460.00","462.30","456.00","455.70","460.25","459.70","459.59","2,583.30","400.25",2245693,"1,032,104,434.75",36003
"09-Jan-2012","EQ","451.90","457.10","446.00","450.95","456.85","455.70","452.86","2,583.30","400.25",2115984,"958,241,012.25",36588
"07-Jan-2012","EQ","453.00","453.30","450.00","453.30","450.20","450.95","451.32","2,583.30","400.25",141272,"63,758,736.00",2644
"06-Jan-2012","EQ","441.00","457.15","438.95","443.65","455.50","453.30","447.78","2,583.30","400.25",1988611,"890,463,492.20",44198
"05-Jan-2012","EQ","444.00","446.70","440.30","443.30","444.50","443.65","444.20","2,583.30","400.25",1690303,"750,824,390.40",32640
"04-Jan-2012","EQ","441.90","444.95","430.85","439.15","442.10","443.30","438.95","2,583.30","400.25",2435739,"1,069,171,215.35",42223
"03-Jan-2012","EQ","431.40","440.90","430.00","426.85","439.00","439.15","435.69","2,583.30","400.25",1719619,"749,227,503.70",32881
"02-Jan-2012","EQ","428.90","429.80","419.50","426.85","427.15","426.85","423.61","2,583.30","400.25",1757499,"744,485,699.05",33671
"30-Dec-2011","EQ","433.80","434.00","422.10","429.60","426.20","426.85","428.95","2,583.30","400.25",1919104,"823,207,514.20",31652
"29-Dec-2011","EQ","435.65","442.00","426.00","439.80","430.00","429.60","434.02","2,583.30","400.25",2732657,"1,186,027,966.00",35321
"28-Dec-2011","EQ","442.50","443.00","433.05","439.70","439.00","439.80","437.33","2,583.30","400.25",1917085,"838,391,110.70",28534
"27-Dec-2011","EQ","440.30","443.60","435.70","443.70","441.90","439.70","439.39","2,583.30","400.25",1573559,"691,408,821.95",20218
"26-Dec-2011","EQ","439.00","445.40","437.05","437.55","443.15","443.70","442.87","2,583.30","400.25",1141190,"505,396,860.80",19594
"23-Dec-2011","EQ","444.20","446.50","436.00","442.85","438.00","437.55","441.43","2,583.30","400.25",1713825,"756,536,418.65",36377
"22-Dec-2011","EQ","431.50","444.80","428.80","435.45","444.20","442.85","436.74","2,583.30","400.25",3394017,"1,482,300,264.05",39168
"21-Dec-2011","EQ","426.00","439.40","417.80","414.20","438.30","435.45","426.91","2,583.30","400.25",3746720,"1,599,530,370.75",57277
"20-Dec-2011","EQ","406.00","421.60","404.00","406.00","415.40","414.20","413.16","2,583.30","400.25",4995892,"2,064,125,453.85",75281
"19-Dec-2011","EQ","412.05","413.00","400.25","415.30","402.40","406.00","405.95","2,583.30","400.25",8085381,"3,282,226,121.35",90560
"16-Dec-2011","EQ","434.10","440.50","410.00","431.35","413.65","415.30","427.68","2,583.30","410.00",7356205,"3,146,087,891.60",68951
"15-Dec-2011","EQ","429.00","436.00","427.00","434.35","431.50","431.35","431.85","2,583.30","411.30",6740035,"2,910,700,627.30",66397
"14-Dec-2011","EQ","439.00","443.75","430.25","438.40","434.30","434.35","436.80","2,583.30","411.30",6076681,"2,654,274,358.15",61679
"13-Dec-2011","EQ","428.00","445.40","426.00","432.05","442.90","438.40","432.92","2,583.30","411.30",3731470,"1,615,429,831.20",55907
"12-Dec-2011","EQ","448.10","450.95","426.30","443.75","428.05","432.05","438.39","2,583.30","411.30",3017789,"1,322,980,400.75",42327
"09-Dec-2011","EQ","447.00","451.20","440.50","453.75","445.30","443.75","446.16","2,583.30","411.30",3401728,"1,517,703,268.95",42905
"08-Dec-2011","EQ","467.00","467.70","451.10","467.10","452.00","453.75","457.06","2,583.30","411.30",3139250,"1,434,821,913.65",44369
"07-Dec-2011","EQ","470.00","470.90","462.10","462.35","465.00","467.10","467.13","2,583.30","411.30",2793236,"1,304,817,107.20",64722
"05-Dec-2011","EQ","463.70","467.45","458.00","466.00","464.30","462.35","461.80","2,583.30","411.30",2188307,"1,010,568,652.30",50627
"02-Dec-2011","EQ","455.15","467.90","453.15","453.50","466.55","466.00","461.30","2,583.30","411.30",2809257,"1,295,903,724.55",42505
"01-Dec-2011","EQ","458.95","467.00","449.45","442.50","452.15","453.50","456.33","2,583.30","411.30",3482446,"1,589,128,808.75",55266
"30-Nov-2011","EQ","429.20","449.65","429.20","435.20","443.50","442.50","441.37","2,583.30","411.30",7053637,"3,113,287,914.95",92162
"29-Nov-2011","EQ","444.00","445.55","432.20","440.85","432.25","435.20","439.45","2,583.30","411.30",3707756,"1,629,369,586.75",48884
"28-Nov-2011","EQ","436.00","444.95","434.10","430.90","443.00","440.85","438.51","2,583.30","411.30",2722929,"1,194,031,188.25",41604
"25-Nov-2011","EQ","427.75","434.90","419.05","429.65","432.00","430.90","428.25","2,583.30","411.30",4726617,"2,024,181,241.35",47404
"24-Nov-2011","EQ","428.80","435.00","411.30","426.10","426.10","429.65","423.21","2,583.30","411.30",7221297,"3,056,126,870.00",110949
"23-Nov-2011","EQ","441.75","441.75","414.20","444.05","424.00","426.10","424.96","2,583.30","414.20",6391409,"2,716,080,299.55",113869
"22-Nov-2011","EQ","447.00","449.50","440.00","444.65","443.50","444.05","445.30","2,583.30","436.15",3804576,"1,694,194,309.90",65556
"21-Nov-2011","EQ","456.00","456.00","440.00","458.30","442.00","444.65","448.49","2,583.30","436.15",2548509,"1,142,968,703.15",55090
"18-Nov-2011","EQ","455.20","461.60","450.10","459.35","459.30","458.30","455.72","2,583.30","436.15",2930186,"1,335,338,351.40",56711
"17-Nov-2011","EQ","463.15","470.00","456.60","465.70","461.45","459.35","462.36","2,583.30","436.15",2694342,"1,245,750,149.20",40156
"16-Nov-2011","EQ","470.00","472.00","460.30","472.25","469.40","465.70","467.20","2,583.30","436.15",1779400,"831,339,450.75",38254
"15-Nov-2011","EQ","470.70","477.80","469.90","471.40","470.00","472.25","473.86","2,583.30","436.15",2911073,"1,379,434,201.70",36892
"14-Nov-2011","EQ","469.90","479.85","468.95","464.05","471.45","471.40","475.55","2,583.30","436.15",3057141,"1,453,835,560.20",40454
"11-Nov-2011","EQ","475.65","478.40","462.60","477.25","463.55","464.05","469.06","2,583.30","436.15",2302509,"1,080,020,984.45",53000
"09-Nov-2011","EQ","485.00","485.70","475.30","484.25","476.10","477.25","480.70","2,583.30","436.15",2151247,"1,034,109,802.40",40679
"08-Nov-2011","EQ","483.00","487.35","478.50","483.00","484.45","484.25","482.48","2,583.30","436.15",2098202,"1,012,336,235.20",29362
"04-Nov-2011","EQ","486.70","487.90","480.30","481.85","483.65","483.00","483.20","2,583.30","436.15",1700805,"821,822,292.15",26071
"03-Nov-2011","EQ","481.00","484.85","472.10","483.10","483.60","481.85","477.55","2,583.30","436.15",2626409,"1,254,234,348.85",44068
"02-Nov-2011","EQ","478.70","488.00","477.50","482.30","481.50","483.10","485.18","2,583.30","436.15",2527955,"1,226,511,143.90",24663
"01-Nov-2011","EQ","485.10","493.00","480.00","490.00","480.60","482.30","484.96","2,583.30","436.15",3324879,"1,612,430,076.10",45943
"31-Oct-2011","EQ","483.00","491.75","477.15","482.65","490.00","490.00","486.83","2,583.30","436.15",3212854,"1,564,110,919.85",40635
"28-Oct-2011","EQ","486.00","494.50","479.75","472.00","482.25","482.65","483.28","2,583.30","436.15",4509612,"2,179,387,991.00",79029
"26-Oct-2011","EQ","472.00","474.90","470.00","468.00","472.15","472.00","471.82","2,583.30","436.15",499071,"235,472,948.75",9673
"25-Oct-2011","EQ","487.85","490.75","448.55","484.35","471.80","468.00","463.86","2,583.30","436.15",20657505,"9,582,166,027.05",167697
"24-Oct-2011","EQ","492.75","497.00","482.95","487.00","485.00","484.35","490.35","2,583.30","436.15",2435773,"1,194,372,157.70",23374
"21-Oct-2011","EQ","490.05","491.80","483.30","489.55","488.00","487.00","488.26","2,583.30","436.15",2290366,"1,118,301,749.65",31497
"20-Oct-2011","EQ","488.00","492.40","480.60","491.85","490.00","489.55","486.00","2,583.30","436.15",2838426,"1,379,477,816.80",35557
"19-Oct-2011","EQ","482.95","494.60","479.30","478.15","492.00","491.85","488.88","2,583.30","436.15",4344521,"2,123,951,587.40",55485
"18-Oct-2011","EQ","473.90","481.40","472.00","478.05","481.20","478.15","475.75","2,583.30","436.15",2027255,"964,472,057.30",23508
"17-Oct-2011","EQ","476.60","480.50","472.35","473.90","479.00","478.05","477.25","2,583.30","436.15",1771816,"845,606,922.45",34390
"14-Oct-2011","EQ","469.00","476.40","465.35","470.65","475.70","473.90","470.79","2,583.30","436.15",1667510,"785,049,233.90",29840
"13-Oct-2011","EQ","475.00","476.20","467.60","467.15","470.00","470.65","472.34","2,583.30","436.15",2933351,"1,385,537,355.75",41514
"12-Oct-2011","EQ","461.95","469.90","453.45","457.50","468.50","467.15","461.23","2,583.30","436.15",4483890,"2,068,095,937.80",41048
"11-Oct-2011","EQ","460.70","464.90","455.15","454.70","459.25","457.50","460.78","2,583.30","436.15",2496879,"1,150,499,865.95",40086
"10-Oct-2011","EQ","452.00","458.00","450.05","450.00","457.20","454.70","453.88","2,583.30","436.15",6031496,"2,737,584,751.00",39494
"07-Oct-2011","EQ","452.70","460.00","446.20","438.70","450.00","450.00","451.63","2,583.30","436.15",4721751,"2,132,498,829.10",61247
"05-Oct-2011","EQ","448.95","456.25","436.55","448.90","437.50","438.70","445.71","2,583.30","436.15",4133748,"1,842,472,645.85",53866
"04-Oct-2011","EQ","452.50","456.00","440.50","456.05","446.20","448.90","449.43","2,583.30","436.15",3740798,"1,681,231,786.70",55674
"03-Oct-2011","EQ","460.15","464.90","450.75","467.65","464.90","456.05","455.17","2,583.30","436.15",4534059,"2,063,766,799.75",65473
"30-Sep-2011","EQ","465.85","474.80","464.40","470.60","467.30","467.65","469.42","2,583.30","436.15",4757200,"2,233,130,424.75",61499
"29-Sep-2011","EQ","457.55","474.80","452.65","458.00","470.00","470.60","468.67","2,583.30","436.15",8133246,"3,811,814,621.75",68739
"28-Sep-2011","EQ","462.40","465.35","451.75","457.45","460.35","458.00","457.06","2,583.30","436.15",3805938,"1,739,542,764.75",50636
"27-Sep-2011","EQ","458.00","461.90","454.10","450.10","459.40","457.45","458.02","2,583.30","436.15",4005709,"1,834,676,061.25",23917
"26-Sep-2011","EQ","456.00","457.65","439.45","456.40","450.05","450.10","447.99","2,583.30","436.15",6946267,"3,111,842,108.85",60604
"23-Sep-2011","EQ","468.55","470.00","452.50","472.30","456.00","456.40","458.00","2,583.30","436.15",8227806,"3,768,372,972.50",74122
"22-Sep-2011","EQ","487.90","489.00","465.50","494.50","477.05","472.30","477.10","2,583.30","436.15",2547772,"1,215,543,790.40",36090
"21-Sep-2011","EQ","492.75","497.65","488.40","491.35","493.70","494.50","494.24","2,583.30","436.15",3222849,"1,592,858,863.70",38357
"20-Sep-2011","EQ","485.00","493.25","483.00","484.75","492.60","491.35","488.50","2,583.30","436.15",2958817,"1,445,370,697.20",39951
"19-Sep-2011","EQ","481.90","487.00","477.10","483.70","487.00","484.75","482.35","2,583.30","436.15",2097305,"1,011,637,413.85",38513
"16-Sep-2011","EQ","486.25","490.00","476.30","484.65","487.00","483.70","483.58","2,583.30","436.15",2736752,"1,323,450,410.05",37568
"15-Sep-2011","EQ","485.90","488.05","471.60","478.90","488.05","484.65","480.15","2,583.30","436.15",2184190,"1,048,734,096.65",42182
"14-Sep-2011","EQ","467.40","483.10","461.05","467.70","483.10","478.90","471.49","2,583.30","436.15",1937252,"913,391,647.10",35057
"13-Sep-2011","EQ","471.00","475.80","464.00","469.35","466.70","467.70","469.94","2,583.30","436.15",1793988,"843,070,230.55",29640
"12-Sep-2011","EQ","467.00","471.20","462.50","473.25","469.00","469.35","466.85","2,583.30","436.15",1746380,"815,301,830.15",22994
"09-Sep-2011","EQ","483.90","485.70","470.70","483.70","472.00","473.25","479.30","2,583.30","436.15",2582854,"1,237,958,528.40",29275
"08-Sep-2011","EQ","489.70","489.70","479.15","488.10","483.00","483.70","483.00","2,583.30","436.15",2041012,"985,816,247.95",30254
"07-Sep-2011","EQ","476.00","489.95","472.85","472.80","488.45","488.10","485.24","2,583.30","436.15",3686643,"1,788,899,330.90",40660
"06-Sep-2011","EQ","468.60","476.40","460.00","470.25","473.10","472.80","467.73","2,583.30","436.15",4465198,"2,088,526,544.15",53146
"05-Sep-2011","EQ","469.80","474.00","462.65","472.80","473.30","470.25","467.91","2,583.30","436.15",2950179,"1,380,404,361.65",27431
"02-Sep-2011","EQ","484.00","484.00","468.00","471.95","472.00","472.80","473.27","2,583.30","436.15",3797737,"1,797,344,036.75",53848
"30-Aug-2011","EQ","461.95","475.00","458.80","456.45","474.80","471.95","466.00","2,583.30","436.15",3897324,"1,816,137,485.10",43631
"29-Aug-2011","EQ","444.50","457.95","443.15","438.95","457.20","456.45","452.74","2,583.30","436.15",2900099,"1,313,004,028.40",43407
"26-Aug-2011","EQ","444.00","450.55","436.15","443.65","437.95","438.95","442.67","2,583.30","436.15",2130956,"943,319,369.75",35345
"25-Aug-2011","EQ","459.40","459.40","440.70","456.00","444.55","443.65","448.23","2,583.30","440.70",5800210,"2,599,819,728.50",50580
"24-Aug-2011","EQ","458.00","462.40","452.50","459.40","454.00","456.00","456.89","2,583.30","445.30",3185614,"1,455,465,302.50",38280
"23-Aug-2011","EQ","457.40","462.50","445.30","453.05","457.30","459.40","455.28","2,583.30","445.30",4036273,"1,837,617,334.85",51093
"22-Aug-2011","EQ","460.05","463.95","450.70","460.85","452.50","453.05","456.73","2,583.30","449.85",2977249,"1,359,810,765.10",46573
"19-Aug-2011","EQ","455.00","463.50","450.00","462.40","460.80","460.85","456.23","2,583.30","449.85",4480259,"2,044,027,900.05",57429
"18-Aug-2011","EQ","468.30","474.85","458.55","467.50","460.60","462.40","467.32","2,583.30","449.85",5722113,"2,674,060,061.85",59441
"17-Aug-2011","EQ","456.05","472.45","455.90","456.45","470.00","467.50","465.02","2,583.30","449.85",3134201,"1,457,470,344.60",45759
"16-Aug-2011","EQ","478.40","478.40","454.65","468.05","459.05","456.45","464.33","2,583.30","449.85",3055648,"1,418,826,112.55",47100
"12-Aug-2011","EQ","485.10","486.00","464.10","479.95","468.00","468.05","470.12","2,583.30","449.85",2853388,"1,341,426,419.80",59288
"11-Aug-2011","EQ","478.70","484.70","475.00","479.90","479.60","479.95","480.76","2,583.30","449.85",2102304,"1,010,711,732.60",26905
"10-Aug-2011","EQ","494.80","494.80","473.40","464.45","483.50","479.90","478.06","2,583.30","449.85",3267226,"1,561,923,682.25",48987
"09-Aug-2011","EQ","450.00","473.55","449.85","462.10","466.15","464.45","460.88","2,583.30","449.85",4490924,"2,069,782,126.85",66379
"08-Aug-2011","EQ","463.00","480.00","458.05","473.05","462.50","462.10","465.04","2,583.30","457.10",4308373,"2,003,578,619.65",61416
"05-Aug-2011","EQ","465.00","475.80","457.10","476.45","474.10","473.05","469.56","2,583.30","457.10",3156094,"1,481,968,173.55",40643
"04-Aug-2011","EQ","484.10","488.90","475.00","482.05","476.00","476.45","481.00","2,583.30","475.00",1829606,"880,036,331.60",31537
"03-Aug-2011","EQ","478.70","489.40","476.00","482.85","484.00","482.05","481.89","2,583.30","476.00",2082567,"1,003,571,226.20",30294
"02-Aug-2011","EQ","487.90","487.90","480.00","488.00","481.95","482.85","483.30","2,583.30","480.00",1982494,"958,141,447.95",34142
"01-Aug-2011","EQ","493.45","495.95","484.50","486.80","488.00","488.00","489.14","2,583.30","481.10",2202354,"1,077,269,094.50",28203
"29-Jul-2011","EQ","489.90","489.90","481.10","487.30","488.85","486.80","485.65","2,583.30","481.10",2997667,"1,455,822,960.35",56313
"28-Jul-2011","EQ","499.50","499.50","484.60","502.05","490.20","487.30","489.79","2,583.30","484.60",5354489,"2,622,554,173.80",61153
"27-Jul-2011","EQ","499.35","503.95","492.00","498.15","502.35","502.05","498.28","2,583.30","492.00",2765678,"1,378,093,933.75",59964
"26-Jul-2011","EQ","505.35","510.20","495.25","505.20","497.90","498.15","499.94","2,583.30","494.50",2645382,"1,322,523,631.05",54688
"25-Jul-2011","EQ","501.55","506.50","497.15","501.55","505.70","505.20","501.90","2,583.30","494.50",3342607,"1,677,662,003.75",46670
"22-Jul-2011","EQ","500.00","507.05","498.85","496.30","502.50","501.55","502.78","2,583.30","494.50",3158530,"1,588,040,076.75",35266
"21-Jul-2011","EQ","504.80","504.90","494.50","503.10","496.45","496.30","497.93","2,583.30","494.50",3220256,"1,603,477,746.45",48337
"20-Jul-2011","EQ","516.40","516.40","502.00","510.85","502.55","503.10","508.61","2,583.30","498.80",1852161,"942,022,359.75",35861
"19-Jul-2011","EQ","517.50","519.00","508.35","515.05","511.00","510.85","513.22","2,583.30","498.80",4263166,"2,187,956,787.60",58872
"18-Jul-2011","EQ","511.95","518.90","508.00","508.95","514.85","515.05","515.03","2,583.30","498.80",1552474,"799,571,184.30",28767
"15-Jul-2011","EQ","506.45","510.45","503.00","505.95","510.25","508.95","507.59","2,583.30","498.80",1372538,"696,684,587.30",28939
"14-Jul-2011","EQ","505.10","513.30","498.80","2,519.70","505.00","505.95","505.75","2,583.30","498.80",2338586,"1,182,739,861.65",37301
"13-Jul-2011","EQ","2,490.00","2,528.95","2,478.05","2,479.75","2,526.00","2,519.70","2,510.65","2,583.30","1,981.40",372091,"934,189,246.35",23857
"12-Jul-2011","EQ","2,510.00","2,510.00","2,460.20","2,524.35","2,473.30","2,479.75","2,481.53","2,583.30","1,981.40",736090,"1,826,632,994.90",31673
"11-Jul-2011","EQ","2,559.00","2,564.10","2,515.10","2,559.15","2,523.00","2,524.35","2,536.21","2,583.30","1,981.40",397250,"1,007,509,416.70",15627
"08-Jul-2011","EQ","2,566.00","2,583.30","2,553.70","2,565.80","2,561.80","2,559.15","2,570.70","2,583.30","1,981.40",754468,"1,939,510,619.40",65398
"07-Jul-2011","EQ","2,546.10","2,574.95","2,534.15","2,545.30","2,563.00","2,565.80","2,562.26","2,574.95","1,981.40",738902,"1,893,257,496.65",37884
"06-Jul-2011","EQ","2,535.00","2,560.00","2,515.00","2,541.15","2,543.10","2,545.30","2,546.47","2,560.00","1,981.40",589287,"1,500,601,287.45",35136
"05-Jul-2011","EQ","2,522.00","2,552.00","2,514.50","2,532.20","2,542.00","2,541.15","2,530.96","2,552.00","1,981.40",531864,"1,346,124,391.05",29486
"04-Jul-2011","EQ","2,535.00","2,542.00","2,512.40","2,501.25","2,536.00","2,532.20","2,528.72","2,547.60","1,981.40",716168,"1,810,986,439.15",43799
"01-Jul-2011","EQ","2,540.00","2,547.60","2,478.00","2,515.55","2,501.35","2,501.25","2,497.60","2,547.60","1,981.40",665242,"1,661,510,665.65",40875
"30-Jun-2011","EQ","2,499.00","2,524.95","2,476.15","2,489.10","2,503.50","2,515.55","2,506.02","2,524.95","1,981.40",1342060,"3,363,230,858.30",38767
"29-Jun-2011","EQ","2,435.00","2,499.00","2,435.00","2,423.05","2,495.00","2,489.10","2,467.29","2,499.00","1,981.40",1025244,"2,529,574,472.80",43742
"28-Jun-2011","EQ","2,429.40","2,430.00","2,404.55","2,416.15","2,424.65","2,423.05","2,419.64","2,441.05","1,981.40",609681,"1,475,206,242.35",22837
"27-Jun-2011","EQ","2,383.00","2,431.85","2,372.65","2,383.15","2,420.10","2,416.15","2,414.74","2,539.90","1,981.40",1025619,"2,476,601,788.15",43126
"24-Jun-2011","EQ","2,349.00","2,389.95","2,341.55","2,333.75","2,386.65","2,383.15","2,370.84","2,539.90","1,981.40",828773,"1,964,884,477.05",28345
"23-Jun-2011","EQ","2,319.00","2,339.45","2,310.00","2,322.70","2,339.00","2,333.75","2,326.89","2,539.90","1,981.40",413379,"961,886,000.95",20115
"22-Jun-2011","EQ","2,332.45","2,347.80","2,312.40","2,325.55","2,320.00","2,322.70","2,326.28","2,539.90","1,981.40",309158,"719,189,284.30",14680
"21-Jun-2011","EQ","2,302.00","2,344.00","2,302.00","2,299.00","2,327.65","2,325.55","2,328.93","2,539.90","1,981.40",507886,"1,182,832,415.30",23828
"20-Jun-2011","EQ","2,342.15","2,361.45","2,271.95","2,349.30","2,300.10","2,299.00","2,301.09","2,539.90","1,981.40",781285,"1,797,805,735.25",21737
"17-Jun-2011","EQ","2,350.50","2,366.10","2,333.65","2,343.00","2,350.00","2,349.30","2,350.16","2,539.90","1,981.40",710674,"1,670,198,761.15",15745
"16-Jun-2011","EQ","2,364.00","2,372.00","2,338.05","2,372.80","2,342.30","2,343.00","2,353.77","2,539.90","1,981.40",421265,"991,561,976.30",18908
"15-Jun-2011","EQ","2,380.00","2,395.80","2,367.00","2,382.50","2,369.90","2,372.80","2,383.16","2,539.90","1,981.40",703894,"1,677,491,911.65",24441
"14-Jun-2011","EQ","2,378.00","2,398.00","2,365.50","2,372.60","2,382.30","2,382.50","2,386.02","2,539.90","1,981.40",621660,"1,483,294,093.60",32927
"13-Jun-2011","EQ","2,353.15","2,380.00","2,344.15","2,362.45","2,375.00","2,372.60","2,366.91","2,539.90","1,981.40",391778,"927,301,800.15",17042
"10-Jun-2011","EQ","2,368.00","2,374.50","2,330.20","2,362.80","2,367.75","2,362.45","2,355.92","2,539.90","1,981.40",437191,"1,029,984,960.70",19068
"09-Jun-2011","EQ","2,354.75","2,374.60","2,341.50","2,355.25","2,363.15","2,362.80","2,360.04","2,539.90","1,981.40",322994,"762,277,510.60",17770
"08-Jun-2011","EQ","2,356.20","2,372.00","2,348.20","2,376.50","2,353.95","2,355.25","2,362.56","2,539.90","1,981.40",513939,"1,214,212,889.05",19022
"07-Jun-2011","EQ","2,365.10","2,390.70","2,363.80","2,381.25","2,374.60","2,376.50","2,377.48","2,539.90","1,981.40",406347,"966,080,334.15",11760
"06-Jun-2011","EQ","2,345.30","2,390.00","2,345.30","2,356.75","2,390.00","2,381.25","2,366.03","2,539.90","1,898.00",584280,"1,382,424,149.15",22785
"03-Jun-2011","EQ","2,359.95","2,370.85","2,348.50","2,360.30","2,364.00","2,356.75","2,358.69","2,539.90","1,879.00",598853,"1,412,506,467.60",26661
"02-Jun-2011","EQ","2,355.05","2,366.70","2,345.00","2,398.20","2,361.00","2,360.30","2,356.74","2,539.90","1,879.00",672276,"1,584,379,822.40",33279
"01-Jun-2011","EQ","2,390.00","2,407.00","2,374.75","2,399.55","2,404.95","2,398.20","2,397.60","2,539.90","1,879.00",657167,"1,575,622,621.85",32536
"31-May-2011","EQ","2,324.90","2,408.70","2,315.00","2,307.60","2,382.00","2,399.55","2,375.73","2,539.90","1,808.35",1769673,"4,204,263,260.80",
"30-May-2011","EQ","2,304.00","2,327.60","2,297.35","2,303.65","2,307.20","2,307.60","2,308.75","2,539.90","1,808.35",392475,"906,126,391.15",
"27-May-2011","EQ","2,264.90","2,312.00","2,262.55","2,264.20","2,300.00","2,303.65","2,292.68","2,539.90","1,785.00",583102,"1,336,864,015.55",
"26-May-2011","EQ","2,255.00","2,277.00","2,240.00","2,254.75","2,259.80","2,264.20","2,262.45","2,539.90","1,785.00",994995,"2,251,126,482.25",
"25-May-2011","EQ","2,250.00","2,267.00","2,245.35","2,255.30","2,254.00","2,254.75","2,255.56","2,539.90","1,785.00",415744,"937,734,893.95",
"24-May-2011","EQ","2,254.00","2,292.50","2,248.20","2,264.70","2,251.00","2,255.30","2,273.24","2,539.90","1,785.00",450244,"1,023,514,778.60",
"23-May-2011","EQ","2,295.00","2,298.80","2,245.95","2,315.70","2,262.00","2,264.70","2,265.35","2,539.90","1,785.00",1004640,"2,275,857,736.00",
"20-May-2011","EQ","2,270.00","2,320.00","2,255.40","2,273.80","2,315.00","2,315.70","2,297.37","2,539.90","1,785.00",1191387,"2,737,055,124.50",
"19-May-2011","EQ","2,270.50","2,284.00","2,257.70","2,267.35","2,276.15","2,273.80","2,276.04","2,539.90","1,785.00",751127,"1,709,597,453.20",
"18-May-2011","EQ","2,258.10","2,277.70","2,243.00","2,252.45","2,273.00","2,267.35","2,263.08","2,539.90","1,785.00",693548,"1,569,557,413.35",
"17-May-2011","EQ","2,252.00","2,273.95","2,241.00","2,253.05","2,258.80","2,252.45","2,257.98","2,539.90","1,785.00",611194,"1,380,064,816.80",
"16-May-2011","EQ","2,245.00","2,266.10","2,236.30","2,251.05","2,250.15","2,253.05","2,253.98","2,539.90","1,785.00",627062,"1,413,387,380.80",
"13-May-2011","EQ","2,232.00","2,290.00","2,225.85","2,240.20","2,255.60","2,251.05","2,264.30","2,539.90","1,785.00",582307,"1,318,515,989.05",
"12-May-2011","EQ","2,250.00","2,264.90","2,235.00","2,261.05","2,235.00","2,240.20","2,244.98","2,539.90","1,785.00",473943,"1,063,992,505.05",
"11-May-2011","EQ","2,260.00","2,268.90","2,221.00","2,246.40","2,264.30","2,261.05","2,244.75","2,539.90","1,785.00",491085,"1,102,363,160.20",
"10-May-2011","EQ","2,278.00","2,278.00","2,225.10","2,278.85","2,245.45","2,246.40","2,252.65","2,539.90","1,785.00",652322,"1,469,453,770.30",
"09-May-2011","EQ","2,302.00","2,315.00","2,248.40","2,297.25","2,267.75","2,278.85","2,277.60","2,539.90","1,785.00",389859,"887,944,073.45",
"06-May-2011","EQ","2,225.00","2,320.00","2,225.00","2,220.45","2,307.80","2,297.25","2,273.09","2,539.90","1,785.00",1077573,"2,449,424,482.60",
"05-May-2011","EQ","2,255.85","2,274.80","2,210.00","2,261.45","2,211.00","2,220.45","2,231.39","2,539.90","1,785.00",934949,"2,086,237,008.45",
"04-May-2011","EQ","2,244.00","2,285.15","2,207.80","2,235.65","2,275.00","2,261.45","2,256.88","2,539.90","1,785.00",1321061,"2,981,471,486.95",
"03-May-2011","EQ","2,288.55","2,295.65","2,222.20","2,290.15","2,233.00","2,235.65","2,257.03","2,539.90","1,785.00",1074028,"2,424,116,015.80",
"02-May-2011","EQ","2,306.00","2,315.70","2,262.00","2,295.55","2,293.95","2,290.15","2,277.17","2,539.90","1,785.00",707837,"1,611,863,275.10",
"29-Apr-2011","EQ","2,325.00","2,339.70","2,281.00","2,337.75","2,295.00","2,295.55","2,297.11","2,539.90","1,785.00",931294,"2,139,282,813.65",
"28-Apr-2011","EQ","2,363.15","2,369.00","2,330.00","2,353.25","2,344.00","2,337.75","2,342.78","2,539.90","1,785.00",1338482,"3,135,766,054.35",
"27-Apr-2011","EQ","2,376.00","2,379.00","2,326.30","2,359.85","2,360.95","2,353.25","2,352.74","2,539.90","1,785.00",714765,"1,681,658,595.60",
"26-Apr-2011","EQ","2,386.55","2,397.85","2,340.50","2,391.00","2,360.10","2,359.85","2,358.25","2,539.90","1,785.00",632185,"1,490,851,200.50",
"25-Apr-2011","EQ","2,423.00","2,441.05","2,386.00","2,410.65","2,390.20","2,391.00","2,405.91","2,539.90","1,785.00",632287,"1,521,225,701.05",
"21-Apr-2011","EQ","2,382.00","2,416.90","2,382.00","2,371.95","2,410.00","2,410.65","2,405.60","2,539.90","1,785.00",1620535,"3,898,360,880.95",
"20-Apr-2011","EQ","2,360.55","2,389.00","2,348.00","2,347.50","2,380.10","2,371.95","2,363.31","2,539.90","1,785.00",654807,"1,547,511,871.10",
"19-Apr-2011","EQ","2,340.00","2,358.80","2,324.45","2,311.80","2,345.95","2,347.50","2,346.78","2,539.90","1,785.00",746243,"1,751,264,847.70",
"18-Apr-2011","EQ","2,378.80","2,399.85","2,304.35","2,363.10","2,310.15","2,311.80","2,346.42","2,539.90","1,785.00",1035327,"2,429,310,624.80",
"15-Apr-2011","EQ","2,375.00","2,392.00","2,344.00","2,368.95","2,370.95","2,363.10","2,366.23","2,539.90","1,785.00",859093,"2,032,810,509.50",
"13-Apr-2011","EQ","2,279.45","2,383.65","2,275.00","2,296.05","2,382.00","2,368.95","2,332.39","2,539.90","1,785.00",903389,"2,107,053,020.70",
"11-Apr-2011","EQ","2,325.20","2,337.55","2,288.60","2,352.40","2,294.00","2,296.05","2,299.15","2,539.90","1,785.00",1120818,"2,576,925,415.70",
"08-Apr-2011","EQ","2,354.00","2,385.00","2,345.10","2,354.75","2,348.90","2,352.40","2,362.65","2,539.90","1,785.00",772017,"1,824,009,057.30",
"07-Apr-2011","EQ","2,375.00","2,378.00","2,339.60","2,375.95","2,353.00","2,354.75","2,352.80","2,539.90","1,785.00",655816,"1,543,004,136.55",
"06-Apr-2011","EQ","2,391.00","2,395.00","2,351.00","2,395.75","2,372.00","2,375.95","2,372.30","2,539.90","1,785.00",646986,"1,534,844,336.75",
"05-Apr-2011","EQ","2,400.00","2,409.95","2,368.15","2,400.80","2,389.95","2,395.75","2,389.93","2,539.90","1,785.00",841266,"2,010,569,609.75",
"04-Apr-2011","EQ","2,340.00","2,405.00","2,340.00","2,333.75","2,405.00","2,400.80","2,387.12","2,539.90","1,785.00",632227,"1,509,199,579.70",
"01-Apr-2011","EQ","2,353.00","2,365.00","2,323.00","2,345.85","2,339.25","2,333.75","2,334.80","2,539.90","1,628.85",436929,"1,020,143,598.75",
"31-Mar-2011","EQ","2,350.00","2,395.90","2,305.10","2,341.50","2,350.00","2,345.85","2,351.20","2,539.90","1,628.85",1893191,"4,451,270,976.50",
"30-Mar-2011","EQ","2,315.00","2,364.00","2,306.00","2,305.15","2,345.00","2,341.50","2,339.62","2,539.90","1,628.85",1109742,"2,596,374,671.80",
"29-Mar-2011","EQ","2,310.00","2,323.80","2,284.65","2,296.75","2,300.00","2,305.15","2,309.91","2,539.90","1,628.85",1081830,"2,498,927,615.85",
"28-Mar-2011","EQ","2,265.00","2,312.00","2,265.00","2,265.05","2,295.05","2,296.75","2,295.16","2,539.90","1,628.85",1093031,"2,508,678,208.85",
"25-Mar-2011","EQ","2,207.00","2,275.00","2,200.00","2,192.80","2,258.00","2,265.05","2,240.26","2,539.90","1,628.85",890148,"1,994,164,167.90",
"24-Mar-2011","EQ","2,179.00","2,198.90","2,168.50","2,164.20","2,192.00","2,192.80","2,184.04","2,539.90","1,628.85",441381,"963,992,352.90",
"23-Mar-2011","EQ","2,150.00","2,181.90","2,145.05","2,151.60","2,165.00","2,164.20","2,167.24","2,539.90","1,628.85",465735,"1,009,360,134.75",
"22-Mar-2011","EQ","2,159.10","2,173.00","2,142.05","2,154.45","2,152.05","2,151.60","2,157.67","2,539.90","1,628.85",471527,"1,017,401,684.95",
"21-Mar-2011","EQ","2,170.20","2,178.70","2,146.45","2,149.30","2,154.85","2,154.45","2,159.37","2,539.90","1,628.85",615935,"1,330,030,394.50",
"18-Mar-2011","EQ","2,180.00","2,196.20","2,142.10","2,181.50","2,146.30","2,149.30","2,159.22","2,539.90","1,628.85",482212,"1,041,202,556.20",
"17-Mar-2011","EQ","2,170.20","2,233.00","2,166.15","2,183.75","2,180.00","2,181.50","2,207.96","2,539.90","1,628.85",1676062,"3,700,672,555.60",
"16-Mar-2011","EQ","2,196.00","2,205.00","2,178.60","2,184.65","2,187.60","2,183.75","2,193.74","2,539.90","1,628.85",580534,"1,273,542,629.10",
"15-Mar-2011","EQ","2,170.00","2,207.70","2,130.00","2,214.75","2,204.00","2,184.65","2,171.24","2,539.90","1,628.85",1380100,"2,996,529,000.70",
"14-Mar-2011","EQ","2,172.00","2,219.00","2,172.00","2,186.35","2,215.00","2,214.75","2,204.80","2,539.90","1,628.85",654144,"1,442,257,883.15",
"11-Mar-2011","EQ","2,182.05","2,217.00","2,175.00","2,208.40","2,181.05","2,186.35","2,191.15","2,539.90","1,628.85",655395,"1,436,071,947.35",
"10-Mar-2011","EQ","2,192.00","2,215.00","2,182.35","2,206.05","2,215.00","2,208.40","2,201.67","2,539.90","1,628.85",747031,"1,644,718,118.40",
"09-Mar-2011","EQ","2,210.00","2,238.70","2,195.00","2,206.50","2,200.00","2,206.05","2,206.44","2,539.90","1,628.85",904199,"1,995,062,817.00",
"08-Mar-2011","EQ","2,158.00","2,218.50","2,156.50","2,173.15","2,207.20","2,206.50","2,201.79","2,539.90","1,628.85",898557,"1,978,437,606.10",
"07-Mar-2011","EQ","2,204.00","2,204.00","2,150.90","2,218.25","2,167.75","2,173.15","2,170.65","2,539.90","1,628.85",642784,"1,395,258,413.90",
"04-Mar-2011","EQ","2,210.00","2,232.90","2,206.50","2,193.15","2,220.05","2,218.25","2,221.01","2,539.90","1,628.85",985494,"2,188,789,506.90",
"03-Mar-2011","EQ","2,134.90","2,222.30","2,130.05","2,139.00","2,195.00","2,193.15","2,184.55","2,539.90","1,628.85",1266882,"2,767,569,100.15",
"01-Mar-2011","EQ","2,074.80","2,150.00","2,059.00","2,052.25","2,150.00","2,139.00","2,124.43","2,539.90","1,628.85",1025058,"2,177,663,346.20",
"28-Feb-2011","EQ","2,064.00","2,120.95","2,035.00","2,042.15","2,049.15","2,052.25","2,065.14","2,539.90","1,628.85",1098136,"2,267,809,822.85",
"25-Feb-2011","EQ","2,087.00","2,087.00","2,018.00","2,059.10","2,059.50","2,042.15","2,053.73","2,539.90","1,628.85",630996,"1,295,893,515.80",
"24-Feb-2011","EQ","2,087.00","2,118.55","2,045.75","2,114.10","2,061.00","2,059.10","2,076.80","2,539.90","1,628.85",1002777,"2,082,570,282.25",
"23-Feb-2011","EQ","2,125.20","2,153.00","2,100.20","2,138.45","2,111.55","2,114.10","2,131.66","2,539.90","1,628.85",611422,"1,303,342,144.95",
"22-Feb-2011","EQ","2,190.00","2,191.70","2,125.40","2,201.70","2,135.80","2,138.45","2,151.30","2,539.90","1,628.85",579643,"1,246,986,210.75",
"21-Feb-2011","EQ","2,165.00","2,208.00","2,132.50","2,176.10","2,195.65","2,201.70","2,165.70","2,539.90","1,628.85",560051,"1,212,900,440.15",
"18-Feb-2011","EQ","2,184.00","2,243.10","2,165.25","2,185.60","2,172.00","2,176.10","2,211.59","2,539.90","1,582.50",1976787,"4,371,841,828.10",
"17-Feb-2011","EQ","2,100.00","2,194.00","2,095.00","2,094.85","2,192.00","2,185.60","2,163.05","2,539.90","1,582.50",1180492,"2,553,467,246.40",
"16-Feb-2011","EQ","2,114.00","2,122.00","2,085.05","2,107.00","2,100.00","2,094.85","2,096.50","2,539.90","1,582.50",455079,"954,073,593.65",
"15-Feb-2011","EQ","2,110.00","2,128.00","2,075.30","2,105.45","2,104.90","2,107.00","2,106.58","2,539.90","1,582.50",759973,"1,600,941,500.85",
"14-Feb-2011","EQ","2,050.15","2,110.20","2,050.15","2,059.30","2,107.50","2,105.45","2,089.94","2,539.90","1,582.50",592236,"1,237,736,003.50",
"11-Feb-2011","EQ","1,995.00","2,060.00","1,995.00","2,015.85","2,059.70","2,059.30","2,042.15","2,539.90","1,549.00",1010342,"2,063,266,418.95",
"10-Feb-2011","EQ","2,016.00","2,049.00","2,000.00","2,022.30","2,015.15","2,015.85","2,026.10","2,539.90","1,549.00",1153559,"2,337,230,216.30",
"09-Feb-2011","EQ","1,998.00","2,035.00","1,981.40","2,002.85","2,033.50","2,022.30","2,013.34","2,539.90","1,549.00",735758,"1,481,330,850.55",
"08-Feb-2011","EQ","2,059.90","2,059.95","1,985.10","2,038.85","2,004.90","2,002.85","2,012.17","2,539.90","1,549.00",719599,"1,447,958,128.00",
"07-Feb-2011","EQ","2,045.00","2,060.00","2,020.20","2,017.75","2,036.25","2,038.85","2,050.26","2,539.90","1,549.00",855946,"1,754,910,759.15",
"04-Feb-2011","EQ","2,051.00","2,085.00","2,005.00","2,060.95","2,008.00","2,017.75","2,045.03","2,539.90","1,549.00",925320,"1,892,305,142.25",
"03-Feb-2011","EQ","2,020.00","2,071.75","2,010.00","2,019.90","2,056.90","2,060.95","2,049.43","2,539.90","1,549.00",579603,"1,187,855,348.90",
"02-Feb-2011","EQ","2,051.50","2,063.50","2,006.20","2,039.60","2,010.00","2,019.90","2,032.80","2,539.90","1,549.00",976217,"1,984,451,017.55",
"01-Feb-2011","EQ","2,076.90","2,076.90","2,015.10","2,047.30","2,042.00","2,039.60","2,039.18","2,539.90","1,549.00",855123,"1,743,752,812.90",
"31-Jan-2011","EQ","2,042.70","2,063.45","1,996.20","2,054.25","2,040.20","2,047.30","2,023.92","2,539.90","1,549.00",1111803,"2,250,200,203.00",
"28-Jan-2011","EQ","2,055.00","2,089.35","2,042.05","2,050.90","2,052.60","2,054.25","2,064.34","2,539.90","1,549.00",1779842,"3,674,190,171.10",
"27-Jan-2011","EQ","2,100.00","2,100.00","2,041.00","2,084.30","2,043.80","2,050.90","2,075.94","2,539.90","1,549.00",1894558,"3,932,991,349.90",
"25-Jan-2011","EQ","2,151.20","2,174.85","2,070.10","2,148.60","2,085.05","2,084.30","2,117.86","2,539.90","1,549.00",1411054,"2,988,416,659.20",
"24-Jan-2011","EQ","2,095.00","2,154.00","2,073.00","2,094.15","2,146.10","2,148.60","2,113.25","2,539.90","1,549.00",1277416,"2,699,494,023.15",
"21-Jan-2011","EQ","2,104.00","2,124.70","2,076.10","2,117.55","2,093.00","2,094.15","2,096.48","2,539.90","1,549.00",829761,"1,739,577,669.00",
"20-Jan-2011","EQ","2,069.25","2,134.40","2,045.90","2,075.45","2,117.00","2,117.55","2,085.05","2,539.90","1,549.00",963854,"2,009,679,539.95",
"19-Jan-2011","EQ","2,111.65","2,114.05","2,063.00","2,109.35","2,078.30","2,075.45","2,081.69","2,539.90","1,549.00",899205,"1,871,869,679.15",
"18-Jan-2011","EQ","2,086.80","2,116.00","2,046.65","2,068.10","2,115.00","2,109.35","2,088.08","2,539.90","1,549.00",842016,"1,758,193,662.35",
"17-Jan-2011","EQ","2,060.00","2,093.00","2,050.55","2,049.55","2,071.20","2,068.10","2,069.93","2,539.90","1,549.00",1228082,"2,542,039,508.50",
"14-Jan-2011","EQ","2,150.00","2,208.00","2,030.00","2,143.00","2,052.00","2,049.55","2,114.87","2,539.90","1,549.00",1279141,"2,705,221,894.20",
"13-Jan-2011","EQ","2,209.00","2,217.40","2,126.40","2,205.30","2,143.00","2,143.00","2,157.04","2,539.90","1,549.00",948601,"2,046,166,962.15",
"12-Jan-2011","EQ","2,169.00","2,214.00","2,106.60","2,146.60","2,208.05","2,205.30","2,160.27","2,539.90","1,549.00",990533,"2,139,814,373.35",
"11-Jan-2011","EQ","2,170.00","2,218.70","2,125.00","2,152.25","2,163.00","2,146.60","2,161.08","2,539.90","1,549.00",1215759,"2,627,349,856.35",
"10-Jan-2011","EQ","2,256.05","2,270.00","2,138.00","2,269.45","2,154.95","2,152.25","2,179.89","2,539.90","1,549.00",2007086,"4,375,224,212.60",
"07-Jan-2011","EQ","2,326.20","2,326.20","2,261.00","2,327.75","2,272.60","2,269.45","2,279.24","2,539.90","1,549.00",794801,"1,811,540,104.50",
"06-Jan-2011","EQ","2,316.00","2,342.65","2,309.00","2,308.20","2,323.85","2,327.75","2,323.94","2,539.90","1,549.00",543509,"1,263,083,919.40",
"05-Jan-2011","EQ","2,349.70","2,349.70","2,297.50","2,345.55","2,316.90","2,308.20","2,313.85","2,539.90","1,549.00",782592,"1,810,802,258.45",
"04-Jan-2011","EQ","2,386.50","2,388.00","2,333.00","2,390.50","2,333.00","2,345.55","2,355.04","2,539.90","1,549.00",828413,"1,950,944,087.30",
"03-Jan-2011","EQ","2,370.00","2,399.65","2,350.40","2,346.35","2,388.35","2,390.50","2,385.59","2,539.90","1,549.00",539839,"1,287,836,759.60",